{"version": 26, "index": {"/usr/lib/python3.6/site-packages/flask/__init__.py": 1491324918.0833333, "/usr/lib/python3.6/site-packages/flask/__main__.py": 1491324918.0833333, "/usr/lib/python3.6/site-packages/flask/app.py": 1491324918.0833333, "/usr/lib/python3.6/site-packages/flask/templating.py": 1491324918.0833333, "/usr/lib/python3.6/json/__init__.py": 1523544380.287467, "/home/tday/etc/nvim/.config/nvim/plugged/YouCompleteMe/third_party/ycmd/third_party/JediHTTP/jedihttp.py": 1524075003.3412173, "/usr/lib/python3.6/json/decoder.py": 1523544380.279467, "/usr/lib/python3.6/json/encoder.py": 1523544380.283467, "/usr/lib/python3.6/io.py": 1523544375.3664398, "/usr/lib/python3.6/os.py": 1523544375.38044, "/usr/lib/python3.6/ntpath.py": 1523544375.37644, "/usr/lib/python3.6/posixpath.py": 1523544375.38944, "/usr/lib/python3.6/_collections_abc.py": 1523544375.3394396, "/usr/lib/python3.6/genericpath.py": 1523544375.3574398}}